<application>
  <component name="FileTypeManager" version="18">
    <extensionMap>
      <mapping pattern=".gitignoewe" type="PLAIN_TEXT" />
      <mapping ext="neon" type="PLAIN_TEXT" />
      <mapping pattern="playbooks/*.yml" type="YAML_EX" />
      <removed_mapping ext="csv" approved="true" type="CSV/TSV" />
      <removed_mapping ext="ignore" approved="true" type="IgnoreLang file" />
      <removed_mapping ext="tsv" approved="true" type="CSV/TSV" />
      <removed_mapping ext="yaml" approved="true" type="YAML_EX" />
      <removed_mapping ext="yml" approved="true" type="YAML_EX" />
    </extensionMap>
  </component>
</application>