<application>
  <component name="MaterialThemeConfig">
    <option name="compactMenus" value="true" />
    <option name="compactStatusBar" value="true" />
    <option name="compactTables" value="true" />
    <option name="highContrast" value="true" />
    <option name="compactDropdowns" value="true" />
    <option name="isCompactMenus" value="true" />
    <option name="isCompactStatusBar" value="true" />
    <option name="isCompactTables" value="true" />
    <option name="isHighContrast" value="true" />
    <option name="isWizardShown" value="true" />
    <option name="overrideAccentColor" value="false" />
    <option name="tabsHeight" value="18" />
    <option name="accentColor" value="7e57c2" />
    <option name="selectedTheme" value="NIGHT_OWL" />
    <option name="userId" value="-8bef513:176cac22de7:-8000" />
    <option name="version" value="5.5.0" />
  </component>
</application>