<application>
  <component name="PhpAutoImport" auto_import_file_scope="true" import_on_paste="ALL" />
  <component name="PhpInterpreters">
    <interpreters>
      <interpreter id="cecb4ec1-f5e3-4af7-a24c-a55bf9557689" name="current PHP" home="/usr/bin/php" debugger_id="php.debugger.XDebug" />
      <interpreter id="b6bb7c12-6b7a-4deb-966b-e9ab2af60589" name="PHP 8.0" home="/usr/bin/php8.0" debugger_id="php.debugger.XDebug" />
      <interpreter id="b4870ad6-4368-4474-b1bf-931491bd271d" name="PHP 7.4" home="/usr/bin/php7.4" debugger_id="php.debugger.XDebug" />
      <interpreter id="82701e10-58f0-4fd9-8750-01c966e59c2c" name="PHP 7.3" home="/usr/bin/php7.3" debugger_id="php.debugger.XDebug" />
    </interpreters>
  </component>
  <component name="PhpInterpretersPhpInfoCache">
    <phpInfoCache>
      <interpreter name="PHP 7.3">
        <phpinfo binary_type="PHP" php_cli="/usr/bin/php7.3" path_separator=":" version="7.3.25-1+ubuntu20.04.1+deb.sury.org+1">
          <additional_php_ini>/etc/php/7.3/cli/conf.d/10-mysqlnd.ini, /etc/php/7.3/cli/conf.d/10-opcache.ini, /etc/php/7.3/cli/conf.d/10-pdo.ini, /etc/php/7.3/cli/conf.d/15-xml.ini, /etc/php/7.3/cli/conf.d/20-bcmath.ini, /etc/php/7.3/cli/conf.d/20-calendar.ini, /etc/php/7.3/cli/conf.d/20-ctype.ini, /etc/php/7.3/cli/conf.d/20-curl.ini, /etc/php/7.3/cli/conf.d/20-dom.ini, /etc/php/7.3/cli/conf.d/20-exif.ini, /etc/php/7.3/cli/conf.d/20-fileinfo.ini, /etc/php/7.3/cli/conf.d/20-ftp.ini, /etc/php/7.3/cli/conf.d/20-gd.ini, /etc/php/7.3/cli/conf.d/20-gettext.ini, /etc/php/7.3/cli/conf.d/20-iconv.ini, /etc/php/7.3/cli/conf.d/20-imap.ini, /etc/php/7.3/cli/conf.d/20-intl.ini, /etc/php/7.3/cli/conf.d/20-json.ini, /etc/php/7.3/cli/conf.d/20-mbstring.ini, /etc/php/7.3/cli/conf.d/20-mysqli.ini, /etc/php/7.3/cli/conf.d/20-pdo_mysql.ini, /etc/php/7.3/cli/conf.d/20-pdo_sqlite.ini, /etc/php/7.3/cli/conf.d/20-phar.ini, /etc/php/7.3/cli/conf.d/20-posix.ini, /etc/php/7.3/cli/conf.d/20-readline.ini, /etc/php/7.3/cli/conf.d/20-shmop.ini, /etc/php/7.3/cli/conf.d/20-simplexml.ini, /etc/php/7.3/cli/conf.d/20-soap.ini, /etc/php/7.3/cli/conf.d/20-sockets.ini, /etc/php/7.3/cli/conf.d/20-sqlite3.ini, /etc/php/7.3/cli/conf.d/20-sysvmsg.ini, /etc/php/7.3/cli/conf.d/20-sysvsem.ini, /etc/php/7.3/cli/conf.d/20-sysvshm.ini, /etc/php/7.3/cli/conf.d/20-tokenizer.ini, /etc/php/7.3/cli/conf.d/20-wddx.ini, /etc/php/7.3/cli/conf.d/20-xdebug.ini, /etc/php/7.3/cli/conf.d/20-xmlreader.ini, /etc/php/7.3/cli/conf.d/20-xmlwriter.ini, /etc/php/7.3/cli/conf.d/20-xsl.ini, /etc/php/7.3/cli/conf.d/20-zip.ini</additional_php_ini>
          <configuration_file>/etc/php/7.3/cli/php.ini</configuration_file>
          <configuration_options>
            <configuration_option name="include_path" value=".:/usr/share/php" />
          </configuration_options>
          <debuggers>
            <debugger_info debugger="xdebug" debugger_version="3.0.1">
              <debug_extensions />
            </debugger_info>
          </debuggers>
          <loaded_extensions>
            <extension name="Core" />
            <extension name="PDO" />
            <extension name="Phar" />
            <extension name="Reflection" />
            <extension name="SPL" />
            <extension name="SimpleXML" />
            <extension name="Zend OPcache" />
            <extension name="bcmath" />
            <extension name="calendar" />
            <extension name="ctype" />
            <extension name="curl" />
            <extension name="date" />
            <extension name="dom" />
            <extension name="exif" />
            <extension name="fileinfo" />
            <extension name="filter" />
            <extension name="ftp" />
            <extension name="gd" />
            <extension name="gettext" />
            <extension name="hash" />
            <extension name="iconv" />
            <extension name="imap" />
            <extension name="intl" />
            <extension name="json" />
            <extension name="libxml" />
            <extension name="mbstring" />
            <extension name="mysqli" />
            <extension name="mysqlnd" />
            <extension name="openssl" />
            <extension name="pcntl" />
            <extension name="pcre" />
            <extension name="pdo_mysql" />
            <extension name="pdo_sqlite" />
            <extension name="posix" />
            <extension name="readline" />
            <extension name="session" />
            <extension name="shmop" />
            <extension name="soap" />
            <extension name="sockets" />
            <extension name="sodium" />
            <extension name="sqlite3" />
            <extension name="standard" />
            <extension name="sysvmsg" />
            <extension name="sysvsem" />
            <extension name="sysvshm" />
            <extension name="tokenizer" />
            <extension name="wddx" />
            <extension name="xdebug" />
            <extension name="xml" />
            <extension name="xmlreader" />
            <extension name="xmlwriter" />
            <extension name="xsl" />
            <extension name="zip" />
            <extension name="zlib" />
          </loaded_extensions>
        </phpinfo>
      </interpreter>
      <interpreter name="PHP 7.4">
        <phpinfo binary_type="PHP" php_cli="/usr/bin/php7.4" path_separator=":" version="7.4.13">
          <additional_php_ini>/etc/php/7.4/cli/conf.d/10-mysqlnd.ini, /etc/php/7.4/cli/conf.d/10-opcache.ini, /etc/php/7.4/cli/conf.d/10-pdo.ini, /etc/php/7.4/cli/conf.d/15-xml.ini, /etc/php/7.4/cli/conf.d/20-bcmath.ini, /etc/php/7.4/cli/conf.d/20-calendar.ini, /etc/php/7.4/cli/conf.d/20-ctype.ini, /etc/php/7.4/cli/conf.d/20-curl.ini, /etc/php/7.4/cli/conf.d/20-dom.ini, /etc/php/7.4/cli/conf.d/20-exif.ini, /etc/php/7.4/cli/conf.d/20-ffi.ini, /etc/php/7.4/cli/conf.d/20-fileinfo.ini, /etc/php/7.4/cli/conf.d/20-ftp.ini, /etc/php/7.4/cli/conf.d/20-gd.ini, /etc/php/7.4/cli/conf.d/20-gettext.ini, /etc/php/7.4/cli/conf.d/20-iconv.ini, /etc/php/7.4/cli/conf.d/20-imap.ini, /etc/php/7.4/cli/conf.d/20-intl.ini, /etc/php/7.4/cli/conf.d/20-json.ini, /etc/php/7.4/cli/conf.d/20-mbstring.ini, /etc/php/7.4/cli/conf.d/20-mysqli.ini, /etc/php/7.4/cli/conf.d/20-pdo_mysql.ini, /etc/php/7.4/cli/conf.d/20-pdo_sqlite.ini, /etc/php/7.4/cli/conf.d/20-phar.ini, /etc/php/7.4/cli/conf.d/20-posix.ini, /etc/php/7.4/cli/conf.d/20-readline.ini, /etc/php/7.4/cli/conf.d/20-shmop.ini, /etc/php/7.4/cli/conf.d/20-simplexml.ini, /etc/php/7.4/cli/conf.d/20-soap.ini, /etc/php/7.4/cli/conf.d/20-sockets.ini, /etc/php/7.4/cli/conf.d/20-sqlite3.ini, /etc/php/7.4/cli/conf.d/20-sysvmsg.ini, /etc/php/7.4/cli/conf.d/20-sysvsem.ini, /etc/php/7.4/cli/conf.d/20-sysvshm.ini, /etc/php/7.4/cli/conf.d/20-tokenizer.ini, /etc/php/7.4/cli/conf.d/20-xdebug.ini, /etc/php/7.4/cli/conf.d/20-xmlreader.ini, /etc/php/7.4/cli/conf.d/20-xmlwriter.ini, /etc/php/7.4/cli/conf.d/20-xsl.ini, /etc/php/7.4/cli/conf.d/20-zip.ini</additional_php_ini>
          <configuration_file>/etc/php/7.4/cli/php.ini</configuration_file>
          <configuration_options>
            <configuration_option name="include_path" value=".:/usr/share/php" />
          </configuration_options>
          <debuggers>
            <debugger_info debugger="xdebug" debugger_version="3.0.1">
              <debug_extensions />
            </debugger_info>
          </debuggers>
          <loaded_extensions>
            <extension name="Core" />
            <extension name="FFI" />
            <extension name="PDO" />
            <extension name="Phar" />
            <extension name="Reflection" />
            <extension name="SPL" />
            <extension name="SimpleXML" />
            <extension name="Zend OPcache" />
            <extension name="bcmath" />
            <extension name="calendar" />
            <extension name="ctype" />
            <extension name="curl" />
            <extension name="date" />
            <extension name="dom" />
            <extension name="exif" />
            <extension name="fileinfo" />
            <extension name="filter" />
            <extension name="ftp" />
            <extension name="gd" />
            <extension name="gettext" />
            <extension name="hash" />
            <extension name="iconv" />
            <extension name="imap" />
            <extension name="intl" />
            <extension name="json" />
            <extension name="libxml" />
            <extension name="mbstring" />
            <extension name="mysqli" />
            <extension name="mysqlnd" />
            <extension name="openssl" />
            <extension name="pcntl" />
            <extension name="pcre" />
            <extension name="pdo_mysql" />
            <extension name="pdo_sqlite" />
            <extension name="posix" />
            <extension name="readline" />
            <extension name="session" />
            <extension name="shmop" />
            <extension name="soap" />
            <extension name="sockets" />
            <extension name="sodium" />
            <extension name="sqlite3" />
            <extension name="standard" />
            <extension name="sysvmsg" />
            <extension name="sysvsem" />
            <extension name="sysvshm" />
            <extension name="tokenizer" />
            <extension name="xdebug" />
            <extension name="xml" />
            <extension name="xmlreader" />
            <extension name="xmlwriter" />
            <extension name="xsl" />
            <extension name="zip" />
            <extension name="zlib" />
          </loaded_extensions>
        </phpinfo>
      </interpreter>
      <interpreter name="PHP 8.0">
        <phpinfo binary_type="PHP" php_cli="/usr/bin/php8.0" path_separator=":" version="8.0.0">
          <additional_php_ini>/etc/php/8.0/cli/conf.d/10-mysqlnd.ini, /etc/php/8.0/cli/conf.d/10-opcache.ini, /etc/php/8.0/cli/conf.d/10-pdo.ini, /etc/php/8.0/cli/conf.d/15-xml.ini, /etc/php/8.0/cli/conf.d/20-bcmath.ini, /etc/php/8.0/cli/conf.d/20-calendar.ini, /etc/php/8.0/cli/conf.d/20-ctype.ini, /etc/php/8.0/cli/conf.d/20-curl.ini, /etc/php/8.0/cli/conf.d/20-dom.ini, /etc/php/8.0/cli/conf.d/20-exif.ini, /etc/php/8.0/cli/conf.d/20-ffi.ini, /etc/php/8.0/cli/conf.d/20-fileinfo.ini, /etc/php/8.0/cli/conf.d/20-ftp.ini, /etc/php/8.0/cli/conf.d/20-gd.ini, /etc/php/8.0/cli/conf.d/20-gettext.ini, /etc/php/8.0/cli/conf.d/20-iconv.ini, /etc/php/8.0/cli/conf.d/20-imap.ini, /etc/php/8.0/cli/conf.d/20-intl.ini, /etc/php/8.0/cli/conf.d/20-mbstring.ini, /etc/php/8.0/cli/conf.d/20-mysqli.ini, /etc/php/8.0/cli/conf.d/20-pdo_mysql.ini, /etc/php/8.0/cli/conf.d/20-pdo_sqlite.ini, /etc/php/8.0/cli/conf.d/20-phar.ini, /etc/php/8.0/cli/conf.d/20-posix.ini, /etc/php/8.0/cli/conf.d/20-readline.ini, /etc/php/8.0/cli/conf.d/20-shmop.ini, /etc/php/8.0/cli/conf.d/20-simplexml.ini, /etc/php/8.0/cli/conf.d/20-soap.ini, /etc/php/8.0/cli/conf.d/20-sockets.ini, /etc/php/8.0/cli/conf.d/20-sqlite3.ini, /etc/php/8.0/cli/conf.d/20-sysvmsg.ini, /etc/php/8.0/cli/conf.d/20-sysvsem.ini, /etc/php/8.0/cli/conf.d/20-sysvshm.ini, /etc/php/8.0/cli/conf.d/20-tokenizer.ini, /etc/php/8.0/cli/conf.d/20-xdebug.ini, /etc/php/8.0/cli/conf.d/20-xmlreader.ini, /etc/php/8.0/cli/conf.d/20-xmlwriter.ini, /etc/php/8.0/cli/conf.d/20-xsl.ini, /etc/php/8.0/cli/conf.d/20-zip.ini</additional_php_ini>
          <configuration_file>/etc/php/8.0/cli/php.ini</configuration_file>
          <configuration_options>
            <configuration_option name="include_path" value=".:/usr/share/php" />
          </configuration_options>
          <debuggers>
            <debugger_info debugger="xdebug" debugger_version="3.0.1">
              <debug_extensions />
            </debugger_info>
          </debuggers>
          <loaded_extensions>
            <extension name="Core" />
            <extension name="FFI" />
            <extension name="PDO" />
            <extension name="Phar" />
            <extension name="Reflection" />
            <extension name="SPL" />
            <extension name="SimpleXML" />
            <extension name="Zend OPcache" />
            <extension name="bcmath" />
            <extension name="calendar" />
            <extension name="ctype" />
            <extension name="curl" />
            <extension name="date" />
            <extension name="dom" />
            <extension name="exif" />
            <extension name="fileinfo" />
            <extension name="filter" />
            <extension name="ftp" />
            <extension name="gd" />
            <extension name="gettext" />
            <extension name="hash" />
            <extension name="iconv" />
            <extension name="imap" />
            <extension name="intl" />
            <extension name="json" />
            <extension name="libxml" />
            <extension name="mbstring" />
            <extension name="mysqli" />
            <extension name="mysqlnd" />
            <extension name="openssl" />
            <extension name="pcntl" />
            <extension name="pcre" />
            <extension name="pdo_mysql" />
            <extension name="pdo_sqlite" />
            <extension name="posix" />
            <extension name="readline" />
            <extension name="session" />
            <extension name="shmop" />
            <extension name="soap" />
            <extension name="sockets" />
            <extension name="sodium" />
            <extension name="sqlite3" />
            <extension name="standard" />
            <extension name="sysvmsg" />
            <extension name="sysvsem" />
            <extension name="sysvshm" />
            <extension name="tokenizer" />
            <extension name="xdebug" />
            <extension name="xml" />
            <extension name="xmlreader" />
            <extension name="xmlwriter" />
            <extension name="xsl" />
            <extension name="zip" />
            <extension name="zlib" />
          </loaded_extensions>
        </phpinfo>
      </interpreter>
      <interpreter name="current PHP">
        <phpinfo binary_type="PHP" php_cli="/usr/bin/php8.0" path_separator=":" version="8.0.0">
          <additional_php_ini>/etc/php/8.0/cli/conf.d/10-mysqlnd.ini, /etc/php/8.0/cli/conf.d/10-opcache.ini, /etc/php/8.0/cli/conf.d/10-pdo.ini, /etc/php/8.0/cli/conf.d/15-xml.ini, /etc/php/8.0/cli/conf.d/20-bcmath.ini, /etc/php/8.0/cli/conf.d/20-calendar.ini, /etc/php/8.0/cli/conf.d/20-ctype.ini, /etc/php/8.0/cli/conf.d/20-curl.ini, /etc/php/8.0/cli/conf.d/20-dom.ini, /etc/php/8.0/cli/conf.d/20-exif.ini, /etc/php/8.0/cli/conf.d/20-ffi.ini, /etc/php/8.0/cli/conf.d/20-fileinfo.ini, /etc/php/8.0/cli/conf.d/20-ftp.ini, /etc/php/8.0/cli/conf.d/20-gd.ini, /etc/php/8.0/cli/conf.d/20-gettext.ini, /etc/php/8.0/cli/conf.d/20-iconv.ini, /etc/php/8.0/cli/conf.d/20-imap.ini, /etc/php/8.0/cli/conf.d/20-intl.ini, /etc/php/8.0/cli/conf.d/20-mbstring.ini, /etc/php/8.0/cli/conf.d/20-mysqli.ini, /etc/php/8.0/cli/conf.d/20-pdo_mysql.ini, /etc/php/8.0/cli/conf.d/20-pdo_sqlite.ini, /etc/php/8.0/cli/conf.d/20-phar.ini, /etc/php/8.0/cli/conf.d/20-posix.ini, /etc/php/8.0/cli/conf.d/20-readline.ini, /etc/php/8.0/cli/conf.d/20-shmop.ini, /etc/php/8.0/cli/conf.d/20-simplexml.ini, /etc/php/8.0/cli/conf.d/20-soap.ini, /etc/php/8.0/cli/conf.d/20-sockets.ini, /etc/php/8.0/cli/conf.d/20-sqlite3.ini, /etc/php/8.0/cli/conf.d/20-sysvmsg.ini, /etc/php/8.0/cli/conf.d/20-sysvsem.ini, /etc/php/8.0/cli/conf.d/20-sysvshm.ini, /etc/php/8.0/cli/conf.d/20-tokenizer.ini, /etc/php/8.0/cli/conf.d/20-xdebug.ini, /etc/php/8.0/cli/conf.d/20-xmlreader.ini, /etc/php/8.0/cli/conf.d/20-xmlwriter.ini, /etc/php/8.0/cli/conf.d/20-xsl.ini, /etc/php/8.0/cli/conf.d/20-zip.ini</additional_php_ini>
          <configuration_file>/etc/php/8.0/cli/php.ini</configuration_file>
          <configuration_options>
            <configuration_option name="include_path" value=".:/usr/share/php" />
          </configuration_options>
          <debuggers>
            <debugger_info debugger="xdebug" debugger_version="3.0.1">
              <debug_extensions />
            </debugger_info>
          </debuggers>
          <loaded_extensions>
            <extension name="Core" />
            <extension name="FFI" />
            <extension name="PDO" />
            <extension name="Phar" />
            <extension name="Reflection" />
            <extension name="SPL" />
            <extension name="SimpleXML" />
            <extension name="Zend OPcache" />
            <extension name="bcmath" />
            <extension name="calendar" />
            <extension name="ctype" />
            <extension name="curl" />
            <extension name="date" />
            <extension name="dom" />
            <extension name="exif" />
            <extension name="fileinfo" />
            <extension name="filter" />
            <extension name="ftp" />
            <extension name="gd" />
            <extension name="gettext" />
            <extension name="hash" />
            <extension name="iconv" />
            <extension name="imap" />
            <extension name="intl" />
            <extension name="json" />
            <extension name="libxml" />
            <extension name="mbstring" />
            <extension name="mysqli" />
            <extension name="mysqlnd" />
            <extension name="openssl" />
            <extension name="pcntl" />
            <extension name="pcre" />
            <extension name="pdo_mysql" />
            <extension name="pdo_sqlite" />
            <extension name="posix" />
            <extension name="readline" />
            <extension name="session" />
            <extension name="shmop" />
            <extension name="soap" />
            <extension name="sockets" />
            <extension name="sodium" />
            <extension name="sqlite3" />
            <extension name="standard" />
            <extension name="sysvmsg" />
            <extension name="sysvsem" />
            <extension name="sysvshm" />
            <extension name="tokenizer" />
            <extension name="xdebug" />
            <extension name="xml" />
            <extension name="xmlreader" />
            <extension name="xmlwriter" />
            <extension name="xsl" />
            <extension name="zip" />
            <extension name="zlib" />
          </loaded_extensions>
        </phpinfo>
      </interpreter>
    </phpInfoCache>
  </component>
  <component name="PhpSmartKeysConfiguration">
    <option name="smartFunctionParametersCompletion" value="true" />
  </component>
</application>