<application>
  <component name="ProjectManager">
    <defaultProject>
      <component name="AutoImportSettings">
        <option name="autoReloadType" value="SELECTIVE" />
      </component>
      <component name="ComposerSettings">
        <execution />
      </component>
      <component name="GitToolBoxStore">
        <option name="projectConfigVersion" value="2" />
      </component>
      <component name="PhpProjectSharedConfiguration" php_language_level="7.3" />
      <component name="PhpWorkspaceProjectConfiguration" interpreter_name="current PHP" />
      <component name="ProjectDictionaryState">
        <dictionary name="lsv" />
      </component>
      <component name="ProjectInspectionProfilesVisibleTreeState">
        <entry key="Project Default">
          <profile-state>
            <expanded-state>
              <State />
              <State>
                <id>Proofreading</id>
              </State>
            </expanded-state>
            <selected-state>
              <State>
                <id>SpellCheckingInspection</id>
              </State>
            </selected-state>
          </profile-state>
        </entry>
      </component>
      <component name="PropertiesComponent">
        <property name="settings.editor.selected.configurable" value="configurable.group.tools" />
      </component>
      <component name="masterDetails">
        <states>
          <state key="ScopeChooserConfigurable.UI">
            <settings>
              <splitter-proportions>
                <option name="proportions">
                  <list>
                    <option value="0.2" />
                  </list>
                </option>
              </splitter-proportions>
            </settings>
          </state>
        </states>
      </component>
    </defaultProject>
  </component>
</application>