<keymap version="1" name="Default copy" parent="Default for XWin">
  <action id="AceAction">
    <keyboard-shortcut first-keystroke="shift ctrl 7" />
  </action>
  <action id="ActivateTerminalToolWindow">
    <keyboard-shortcut first-keystroke="ctrl t" />
  </action>
  <action id="Coverage">
    <keyboard-shortcut first-keystroke="shift ctrl f5" />
  </action>
  <action id="EditorToggleUseSoftWraps">
    <keyboard-shortcut first-keystroke="shift ctrl alt z" />
  </action>
  <action id="ExtractMethod" />
  <action id="FindUsages">
    <keyboard-shortcut first-keystroke="shift ctrl f7" />
  </action>
  <action id="FindUsagesInFile" />
  <action id="ForceRefresh" />
  <action id="GotoTest" />
  <action id="HighlightUsagesInFile" />
  <action id="Images.ShowThumbnails" />
  <action id="IntroduceActionsGroup">
    <keyboard-shortcut first-keystroke="ctrl alt m" />
  </action>
  <action id="QuickJavaDoc">
    <mouse-shortcut keystroke="alt button2" />
  </action>
  <action id="RecentLocations">
    <keyboard-shortcut first-keystroke="shift ctrl q" />
  </action>
  <action id="RunDashboard.ShowConfigurations" />
  <action id="ShowSettingsAndFindUsages" />
  <action id="Terminal.OpenInTerminal">
    <keyboard-shortcut first-keystroke="ctrl t" />
  </action>
  <action id="ToggleBookmark7" />
  <action id="ToggleFullScreen">
    <keyboard-shortcut first-keystroke="f8" />
  </action>
  <action id="Vcs.UpdateProject" />
</keymap>